Byte Offset,Bit No.,Size,Data Type,Signal ID,Data Name,Data Description,Value Interpretation,Remark
0,,8,UDINT,PUB-O-001,Lifesign HH,"Life signal of CCU, +1 every 100ms",1=1,
1,,8,,,Lifesign HL,,,
2,,8,,,Lifesign LH,,,
3,,8,,,Lifesign LL,,,
4,,8,USINT,,Reserved,,,
5,,8,USINT,,Reserved,,,
6,,8,USINT,PUB-O-002,Year,,"0=2000, 20-99",
7,,8,USINT,PUB-O-003,Month,,1月12日,
8,,8,USINT,PUB-O-004,Day,,1月31日,
9,,8,USINT,PUB-O-005,Hour,,0-23,
10,,8,USINT,PUB-O-006,Minute,,0-59,
11,,8,USINT,PUB-O-007,Second,,0-59,
12,,8,,,,,,
12,b7,1,BOOL,PUB-O-008,DT1 Cab Actived,,,
12,b6,1,BOOL,PUB-O-009,DT2 Cab Actived,,,
12,b5,1,BOOL,,,,,
12,b4,1,BOOL,,,,,
12,b3,1,BOOL,PUB-O-010,Train Speed Valid,,"1=valid,0=invalid",
12,b2,1,BOOL,PUB-O-011,Wheel Diameter Valid,,"1=valid,0=invalid",
12,b1,1,BOOL,PUB-O-012,Time setting,Subsystems Set Time,"1=valid,0=invalid 3s pulse",
12,b0,1,BOOL,PUB-O-013,Time Valid,,"1=valid,0=invalid",
13,,8,USINT,,,,,
13,b7,1,BOOL,PUB-O-014,Backward,,,
13,b6,1,BOOL,PUB-O-015,Forward,,,
13,b5,1,BOOL,,,,,
13,b4,1,BOOL,PUB-O-016,Left Door Open Command,,,
13,b3,1,BOOL,PUB-O-017,Right Door Open Command,,,
13,b2,1,BOOL,PUB-O-018,Left Door Close Command,,,
13,b1,1,BOOL,PUB-O-019,Right Door Close Command,,,
13,b0,1,BOOL,PUB-O-020,All Door Closed,,,
14,,8,USINT,PUB-O-021,Train ID,,,
15,,8,USINT,,,,,
16,,8,USINT,PUB-O-022,Wheel Diameter H,,,THMS is mounted on the 2nd axle of the DT1 car
17,,8,USINT,,Wheel Diameter L,,,
18,,8,USINT,,,,,
19,,8,USINT,,,,,
20,,8,USINT,,,,,
21,,8,USINT,,,,,
22,,8,,,,,,
22,b7,1,BOOL,,,,,
22,b6,1,BOOL,,,,,
22,b5,1,BOOL,,Reserved,,,
22,b4,1,BOOL,,Reserved,,,
22,b3,1,BOOL,,Reserved,,,
22,b2,1,BOOL,,Reserved,,,
22,b1,1,BOOL,,Reserved,,,
22,b0,1,BOOL,,Reserved,,,
23,,,,,,,,
24,,,,,,,,
25,,,,,,,,
26,,,,,,,,
27,,,,,,,,
28,,,,,,,,
29,,,,,,,,
30,,,,,,,,
31,,,,,,,,
32,,8,UINT,PUB-O-023,Train Speed H,,1=0.1km/h，0~2000 = 0-200km/h,
33,,8,,,Train Speed L,,,
34,,,,,,,,
34,b7,1,BOOL,,,,,
34,b6,1,BOOL,,,,,
34,b5,1,BOOL,,Reserved,,,
34,b4,1,BOOL,,Reserved,,,
34,b3,1,BOOL,,Reserved,,,
34,b2,1,BOOL,PUB-O-024,Mp1 Pantograph Status,,0: lowered 1: Raised,By hard line
34,b1,1,BOOL,PUB-O-025,Mp2 Pantograph Status,,0: lowered 1: Raised,
34,b0,1,BOOL,,Reserved,,,
35,,8,,,,,,
35,b7,1,BOOL,PUB-O-026,Train Arrived,,,
35,b6,1,BOOL,PUB-O-027,Skip stop announcement,Used to indicate that the service will skip the station being approached.,,
35,b5,1,BOOL,,,,,
35,b4,1,BOOL,,,,,
35,b3,1,BOOL,,,,,
35,b2,1,BOOL,,,,,
35,b1,1,BOOL,,,,,
35,b0,1,BOOL,,,,,
36,,,,,,,,
37,,,,,,,,
38,,8,USINT,PUB-O-028,Passenger Loading Car 1,,"1-6, corresponds to AW0-AW5",
39,,8,USINT,PUB-O-029,Passenger Loading Car 2,,"1-6, AW0-AW5",
40,,8,USINT,PUB-O-030,Passenger Loading Car 3,,"1-6, AW0-AW5",
41,,8,USINT,PUB-O-031,Passenger Loading Car 4,,"1-6, AW0-AW5",
42,,8,USINT,PUB-O-032,Passenger Loading Car 5,,"1-6, AW0-AW5",
43,,8,USINT,PUB-O-033,Passenger Loading Car 6,,"1-6, AW0-AW5",
44,,,,,,,,
45,,,,,,,,
46,,,,,,,,
47,,,,,,,,
48,,,UINT,PUB-O-034,Line Voltage H,,"1=1V, 0-65535V",
49,,,,,Line Voltage L,,,
50,,,UINT,PUB-O-035,Line Current H,,"1=1A, -32768A~32767A",
51,,,UINT,,Line Current L,,,
52,,,UINT,PUB-O-036,Generic station code H,Used to indicate the next station that will be arrived at.  Station identifier including “999” for no station identified.  ,0 . . . 998: not used,
53,,,,,Generic station code L,,65535: not used,
54,,,UINT,PUB-O-037,Final destination code H,"Used to indicate the final station stop, the destination, within any individual schedule where any remaining passengers are expected to alight.  “000” for out of service.  ",0: Out of service,
55,,,,,Final destination code L,,65535: not used,
56,,,UINT,PUB-O-038,Next station code H,Used to indicate the next station,0: not used,
57,,,,,Next station code L,,65535: not used,
58-67,,,,,,,,
68,,,,,,,,
68,b7,1,BOOL,PUB-O-039,Power ON OCRMS request,,0: no command,
68,b6,1,BOOL,,,,,
68,b5,1,BOOL,,,,,
68,b4,1,BOOL,PUB-O-040,Power OFF OCRMS request,,0: no command,
68,b3,1,BOOL,,,,,
68,b2,1,BOOL,,,,,
68,b1,1,BOOL,,,,,
68,b0,1,BOOL,,,,,
69,,,,,,,,
69,b7,1,BOOL,PUB-O-041,Power ON THMS request,,0: no command,
69,b6,1,BOOL,,,,,
69,b5,1,BOOL,,,,,
69,b4,1,BOOL,PUB-O-042,Power OFF THMS request,,0: no command,
69,b3,1,BOOL,,,,,
69,b2,1,BOOL,,,,,
69,b1,1,BOOL,,,,,
69,b0,1,BOOL,,,,,
70,,,,,,,,
70,b7,1,BOOL,,,,,
70,b6,1,BOOL,,,,,
70,b5,1,BOOL,,,,,
70,b4,1,BOOL,,,,,
70,b3,1,BOOL,,,,,
70,b2,1,BOOL,,,,,
70,b1,1,BOOL,PUB-O-043,OCRMS Test,,,
70,b0,1,BOOL,PUB-O-044,THMS Static Test,,,
71,,,,,,,,
71,b7,1,BOOL,,,,,
71,b6,1,BOOL,,,,,
71,b5,1,BOOL,,,,,
71,b4,1,BOOL,,,,,
71,b3,1,BOOL,,,,,
71,b2,1,BOOL,,,,,
71,b1,1,BOOL,,,,,
71,b0,1,BOOL,,,,,
72-99,,,,,reserved,,,
